Afghanistan,Kabul,Javascript Developer,158003
Algeria,Algiers,Javascript Developer,165451
Afghanistan,Kabul,Javascript Developer,158003
Algeria,Algiers,Javascript Developer,165451
Afghanistan,Kabul,Javascript Developer,158003
Algeria,Algiers,Javascript Developer,165451
Afghanistan,Kabul,Javascript Developer,158003
Algeria,Algiers,Javascript Developer,165451
Afghanistan,Kabul,Javascript Developer,158003
Algeria,Algiers,Javascript Developer,165451
Afghanistan,Kabul,Javascript Developer,158003
Algeria,Algiers,Javascript Developer,165451
Angola,Luanda,Javascript Developer,144335
Angola,Luanda,Javascript Developer,144335
Angola,Luanda,Javascript Developer,144335
Angola,Luanda,Javascript Developer,144335
Brazil,Brasília,Javascript Developer,108746
Bulgaria,Sofia,Javascript Developer,141288
Brazil,Brasília,Javascript Developer,108746
Bulgaria,Sofia,Javascript Developer,141288
Brazil,Brasília,Javascript Developer,108746
Bulgaria,Sofia,Javascript Developer,141288
Brazil,Brasília,Javascript Developer,108746
Bulgaria,Sofia,Javascript Developer,141288
Cambodia,Phnom Penh,Javascript Developer,144723
Cambodia,Phnom Penh,Javascript Developer,144723
Cambodia,Phnom Penh,Javascript Developer,144723
Cambodia,Phnom Penh,Javascript Developer,144723
Cape Verde,Praia,Javascript Developer,103541
Chad,N'Djamena,Javascript Developer,119576
Cape Verde,Praia,Javascript Developer,103541
Chad,N'Djamena,Javascript Developer,119576
Cape Verde,Praia,Javascript Developer,103541
Chad,N'Djamena,Javascript Developer,119576
Cape Verde,Praia,Javascript Developer,103541
Chad,N'Djamena,Javascript Developer,119576
Cape Verde,Praia,Javascript Developer,103541
Chad,N'Djamena,Javascript Developer,119576
Cape Verde,Praia,Javascript Developer,103541
Chad,N'Djamena,Javascript Developer,119576
Cape Verde,Praia,Javascript Developer,103541
Chad,N'Djamena,Javascript Developer,119576
Cape Verde,Praia,Javascript Developer,103541
Chad,N'Djamena,Javascript Developer,119576
Cape Verde,Praia,Javascript Developer,103541
Chad,N'Djamena,Javascript Developer,119576
Cape Verde,Praia,Javascript Developer,103541
Chad,N'Djamena,Javascript Developer,119576
Cape Verde,Praia,Javascript Developer,103541
Chad,N'Djamena,Javascript Developer,119576
Cape Verde,Praia,Javascript Developer,103541
Chad,N'Djamena,Javascript Developer,119576
Cape Verde,Praia,Javascript Developer,103541
Chad,N'Djamena,Javascript Developer,119576
Cape Verde,Praia,Javascript Developer,103541
Chad,N'Djamena,Javascript Developer,119576
Cape Verde,Praia,Javascript Developer,103541
Chad,N'Djamena,Javascript Developer,119576
Cape Verde,Praia,Javascript Developer,103541
Chad,N'Djamena,Javascript Developer,119576
Christmas Island,Flying Fish Cove,Javascript Developer,182770
Comoros,Moroni,Javascript Developer,170534
Christmas Island,Flying Fish Cove,Javascript Developer,182770
Comoros,Moroni,Javascript Developer,170534
Christmas Island,Flying Fish Cove,Javascript Developer,182770
Comoros,Moroni,Javascript Developer,170534
Christmas Island,Flying Fish Cove,Javascript Developer,182770
Comoros,Moroni,Javascript Developer,170534
Estonia,Tallinn,Javascript Developer,118286
Faroe Islands,Tórshavn,Javascript Developer,172012
Estonia,Tallinn,Javascript Developer,118286
Faroe Islands,Tórshavn,Javascript Developer,172012
Estonia,Tallinn,Javascript Developer,118286
Faroe Islands,Tórshavn,Javascript Developer,172012
Estonia,Tallinn,Javascript Developer,118286
Faroe Islands,Tórshavn,Javascript Developer,172012
Estonia,Tallinn,Javascript Developer,118286
Faroe Islands,Tórshavn,Javascript Developer,172012
Estonia,Tallinn,Javascript Developer,118286
Faroe Islands,Tórshavn,Javascript Developer,172012
Finland,Helsinki,Javascript Developer,151630
French Polynesia,Papeete,Javascript Developer,157425
Finland,Helsinki,Javascript Developer,151630
French Polynesia,Papeete,Javascript Developer,157425
Finland,Helsinki,Javascript Developer,151630
French Polynesia,Papeete,Javascript Developer,157425
Finland,Helsinki,Javascript Developer,151630
French Polynesia,Papeete,Javascript Developer,157425
Finland,Helsinki,Javascript Developer,151630
French Polynesia,Papeete,Javascript Developer,157425
Finland,Helsinki,Javascript Developer,151630
French Polynesia,Papeete,Javascript Developer,157425
Finland,Helsinki,Javascript Developer,151630
French Polynesia,Papeete,Javascript Developer,157425
Finland,Helsinki,Javascript Developer,151630
French Polynesia,Papeete,Javascript Developer,157425
Finland,Helsinki,Javascript Developer,151630
French Polynesia,Papeete,Javascript Developer,157425
Finland,Helsinki,Javascript Developer,151630
French Polynesia,Papeete,Javascript Developer,157425
Finland,Helsinki,Javascript Developer,151630
French Polynesia,Papeete,Javascript Developer,157425
Finland,Helsinki,Javascript Developer,151630
French Polynesia,Papeete,Javascript Developer,157425
Finland,Helsinki,Javascript Developer,151630
French Polynesia,Papeete,Javascript Developer,157425
Finland,Helsinki,Javascript Developer,151630
French Polynesia,Papeete,Javascript Developer,157425
Finland,Helsinki,Javascript Developer,151630
French Polynesia,Papeete,Javascript Developer,157425
Finland,Helsinki,Javascript Developer,151630
French Polynesia,Papeete,Javascript Developer,157425
Georgia,Tbilisi,Javascript Developer,154099
Georgia,Tbilisi,Javascript Developer,154099
Georgia,Tbilisi,Javascript Developer,154099
Georgia,Tbilisi,Javascript Developer,154099
Georgia,Tbilisi,Javascript Developer,154099
Georgia,Tbilisi,Javascript Developer,154099
Georgia,Tbilisi,Javascript Developer,154099
Georgia,Tbilisi,Javascript Developer,154099
Georgia,Tbilisi,Javascript Developer,154099
Georgia,Tbilisi,Javascript Developer,154099
Somaliland,Hargeisa,Javascript Developer,130993
Somaliland,Hargeisa,Javascript Developer,130993
Somaliland,Hargeisa,Javascript Developer,130993
Somaliland,Hargeisa,Javascript Developer,130993
Somaliland,Hargeisa,Javascript Developer,130993
Somaliland,Hargeisa,Javascript Developer,130993
South Korea,Seoul,Javascript Developer,169193
Spain,Madrid,Javascript Developer,126549
South Korea,Seoul,Javascript Developer,169193
Spain,Madrid,Javascript Developer,126549
South Korea,Seoul,Javascript Developer,169193
Spain,Madrid,Javascript Developer,126549
South Korea,Seoul,Javascript Developer,169193
Spain,Madrid,Javascript Developer,126549
South Korea,Seoul,Javascript Developer,169193
Spain,Madrid,Javascript Developer,126549
South Korea,Seoul,Javascript Developer,169193
Spain,Madrid,Javascript Developer,126549
South Korea,Seoul,Javascript Developer,169193
Spain,Madrid,Javascript Developer,126549
South Korea,Seoul,Javascript Developer,169193
Spain,Madrid,Javascript Developer,126549
South Korea,Seoul,Javascript Developer,169193
Spain,Madrid,Javascript Developer,126549
South Korea,Seoul,Javascript Developer,169193
Spain,Madrid,Javascript Developer,126549
South Korea,Seoul,Javascript Developer,169193
Spain,Madrid,Javascript Developer,126549
South Korea,Seoul,Javascript Developer,169193
Spain,Madrid,Javascript Developer,126549
South Korea,Seoul,Javascript Developer,169193
Spain,Madrid,Javascript Developer,126549
South Korea,Seoul,Javascript Developer,169193
Spain,Madrid,Javascript Developer,126549
South Korea,Seoul,Javascript Developer,169193
Spain,Madrid,Javascript Developer,126549
South Korea,Seoul,Javascript Developer,169193
Spain,Madrid,Javascript Developer,126549
Suriname,Paramaribo,Javascript Developer,196085
Switzerland,Bern,Javascript Developer,168916
Suriname,Paramaribo,Javascript Developer,196085
Switzerland,Bern,Javascript Developer,168916
Suriname,Paramaribo,Javascript Developer,196085
Switzerland,Bern,Javascript Developer,168916
Suriname,Paramaribo,Javascript Developer,196085
Switzerland,Bern,Javascript Developer,168916
Suriname,Paramaribo,Javascript Developer,196085
Switzerland,Bern,Javascript Developer,168916
Suriname,Paramaribo,Javascript Developer,196085
Switzerland,Bern,Javascript Developer,168916
Suriname,Paramaribo,Javascript Developer,196085
Switzerland,Bern,Javascript Developer,168916
Suriname,Paramaribo,Javascript Developer,196085
Switzerland,Bern,Javascript Developer,168916
Suriname,Paramaribo,Javascript Developer,196085
Switzerland,Bern,Javascript Developer,168916
Suriname,Paramaribo,Javascript Developer,196085
Switzerland,Bern,Javascript Developer,168916
Suriname,Paramaribo,Javascript Developer,196085
Switzerland,Bern,Javascript Developer,168916
Suriname,Paramaribo,Javascript Developer,196085
Switzerland,Bern,Javascript Developer,168916
Suriname,Paramaribo,Javascript Developer,196085
Switzerland,Bern,Javascript Developer,168916
Suriname,Paramaribo,Javascript Developer,196085
Switzerland,Bern,Javascript Developer,168916
Suriname,Paramaribo,Javascript Developer,196085
Switzerland,Bern,Javascript Developer,168916
Suriname,Paramaribo,Javascript Developer,196085
Switzerland,Bern,Javascript Developer,168916
Tajikistan,Dushanbe,Javascript Developer,199770
Tajikistan,Dushanbe,Javascript Developer,199770
Tajikistan,Dushanbe,Javascript Developer,199770
Tajikistan,Dushanbe,Javascript Developer,199770
Tajikistan,Dushanbe,Javascript Developer,199770
Tajikistan,Dushanbe,Javascript Developer,199770
Tajikistan,Dushanbe,Javascript Developer,199770
Tajikistan,Dushanbe,Javascript Developer,199770
Tajikistan,Dushanbe,Javascript Developer,199770
Tajikistan,Dushanbe,Javascript Developer,199770
Tajikistan,Dushanbe,Javascript Developer,199770
Tajikistan,Dushanbe,Javascript Developer,199770
Tajikistan,Dushanbe,Javascript Developer,199770
Tajikistan,Dushanbe,Javascript Developer,199770
Tajikistan,Dushanbe,Javascript Developer,199770
Tajikistan,Dushanbe,Javascript Developer,199770
Togo,Lomé,Javascript Developer,116267
Trinidad and Tobago,Port of Spain,Javascript Developer,169605
Togo,Lomé,Javascript Developer,116267
Trinidad and Tobago,Port of Spain,Javascript Developer,169605
Togo,Lomé,Javascript Developer,116267
Trinidad and Tobago,Port of Spain,Javascript Developer,169605
Togo,Lomé,Javascript Developer,116267
Trinidad and Tobago,Port of Spain,Javascript Developer,169605
Togo,Lomé,Javascript Developer,116267
Trinidad and Tobago,Port of Spain,Javascript Developer,169605
Togo,Lomé,Javascript Developer,116267
Trinidad and Tobago,Port of Spain,Javascript Developer,169605
Togo,Lomé,Javascript Developer,116267
Trinidad and Tobago,Port of Spain,Javascript Developer,169605
Togo,Lomé,Javascript Developer,116267
Trinidad and Tobago,Port of Spain,Javascript Developer,169605
Togo,Lomé,Javascript Developer,116267
Trinidad and Tobago,Port of Spain,Javascript Developer,169605
Togo,Lomé,Javascript Developer,116267
Trinidad and Tobago,Port of Spain,Javascript Developer,169605
Togo,Lomé,Javascript Developer,116267
Trinidad and Tobago,Port of Spain,Javascript Developer,169605
Togo,Lomé,Javascript Developer,116267
Trinidad and Tobago,Port of Spain,Javascript Developer,169605
Turkey,Ankara,Javascript Developer,193426
Tuvalu,Funafuti,Javascript Developer,178916
Turkey,Ankara,Javascript Developer,193426
Tuvalu,Funafuti,Javascript Developer,178916
Turkey,Ankara,Javascript Developer,193426
Tuvalu,Funafuti,Javascript Developer,178916
Turkey,Ankara,Javascript Developer,193426
Tuvalu,Funafuti,Javascript Developer,178916
Turkey,Ankara,Javascript Developer,193426
Tuvalu,Funafuti,Javascript Developer,178916
Turkey,Ankara,Javascript Developer,193426
Tuvalu,Funafuti,Javascript Developer,178916
Turkey,Ankara,Javascript Developer,193426
Tuvalu,Funafuti,Javascript Developer,178916
Turkey,Ankara,Javascript Developer,193426
Tuvalu,Funafuti,Javascript Developer,178916
Turkey,Ankara,Javascript Developer,193426
Tuvalu,Funafuti,Javascript Developer,178916
Turkey,Ankara,Javascript Developer,193426
Tuvalu,Funafuti,Javascript Developer,178916
Turkey,Ankara,Javascript Developer,193426
Tuvalu,Funafuti,Javascript Developer,178916
Turkey,Ankara,Javascript Developer,193426
Tuvalu,Funafuti,Javascript Developer,178916
Turkey,Ankara,Javascript Developer,193426
Tuvalu,Funafuti,Javascript Developer,178916
Turkey,Ankara,Javascript Developer,193426
Tuvalu,Funafuti,Javascript Developer,178916
United Arab Emirates,Abu Dhabi,Javascript Developer,166728
United Arab Emirates,Abu Dhabi,Javascript Developer,166728
United Arab Emirates,Abu Dhabi,Javascript Developer,166728
United Arab Emirates,Abu Dhabi,Javascript Developer,166728
United Arab Emirates,Abu Dhabi,Javascript Developer,166728
United Arab Emirates,Abu Dhabi,Javascript Developer,166728
United Arab Emirates,Abu Dhabi,Javascript Developer,166728
United Arab Emirates,Abu Dhabi,Javascript Developer,166728
United Arab Emirates,Abu Dhabi,Javascript Developer,166728
United Arab Emirates,Abu Dhabi,Javascript Developer,166728
United Arab Emirates,Abu Dhabi,Javascript Developer,166728
United Arab Emirates,Abu Dhabi,Javascript Developer,166728
United Arab Emirates,Abu Dhabi,Javascript Developer,166728
United Arab Emirates,Abu Dhabi,Javascript Developer,166728
United Arab Emirates,Abu Dhabi,Javascript Developer,166728
United Arab Emirates,Abu Dhabi,Javascript Developer,166728
United States Virgin Islands,Charlotte Amalie,Javascript Developer,195586
Vanuatu,Port Vila,Javascript Developer,198906
United States Virgin Islands,Charlotte Amalie,Javascript Developer,195586
Vanuatu,Port Vila,Javascript Developer,198906
United States Virgin Islands,Charlotte Amalie,Javascript Developer,195586
Vanuatu,Port Vila,Javascript Developer,198906
United States Virgin Islands,Charlotte Amalie,Javascript Developer,195586
Vanuatu,Port Vila,Javascript Developer,198906
Vietnam,Hanoi,Javascript Developer,199783
Western Sahara,El Aaiún,Javascript Developer,131782
Vietnam,Hanoi,Javascript Developer,199783
Western Sahara,El Aaiún,Javascript Developer,131782
Vietnam,Hanoi,Javascript Developer,199783
Western Sahara,El Aaiún,Javascript Developer,131782
Vietnam,Hanoi,Javascript Developer,199783
Western Sahara,El Aaiún,Javascript Developer,131782
Vietnam,Hanoi,Javascript Developer,199783
Western Sahara,El Aaiún,Javascript Developer,131782
Vietnam,Hanoi,Javascript Developer,199783
Western Sahara,El Aaiún,Javascript Developer,131782
Vietnam,Hanoi,Javascript Developer,199783
Western Sahara,El Aaiún,Javascript Developer,131782
Vietnam,Hanoi,Javascript Developer,199783
Western Sahara,El Aaiún,Javascript Developer,131782
Vietnam,Hanoi,Javascript Developer,199783
Western Sahara,El Aaiún,Javascript Developer,131782
Vietnam,Hanoi,Javascript Developer,199783
Western Sahara,El Aaiún,Javascript Developer,131782
Vietnam,Hanoi,Javascript Developer,199783
Western Sahara,El Aaiún,Javascript Developer,131782
Vietnam,Hanoi,Javascript Developer,199783
Western Sahara,El Aaiún,Javascript Developer,131782
Vietnam,Hanoi,Javascript Developer,199783
Western Sahara,El Aaiún,Javascript Developer,131782
Vietnam,Hanoi,Javascript Developer,199783
Western Sahara,El Aaiún,Javascript Developer,131782
Vietnam,Hanoi,Javascript Developer,199783
Western Sahara,El Aaiún,Javascript Developer,131782
Vietnam,Hanoi,Javascript Developer,199783
Western Sahara,El Aaiún,Javascript Developer,131782
Zimbabwe,Harare,Javascript Developer,194419Yemen,Sanaá,Python Developer,134683
Zimbabwe,Harare,Javascript Developer,194419Yemen,Sanaá,Python Developer,134683
Zimbabwe,Harare,Javascript Developer,194419Yemen,Sanaá,Python Developer,134683
Zimbabwe,Harare,Javascript Developer,194419Yemen,Sanaá,Python Developer,134683
Zimbabwe,Harare,Javascript Developer,194419Yemen,Sanaá,Python Developer,134683
Zimbabwe,Harare,Javascript Developer,194419Yemen,Sanaá,Python Developer,134683
Zimbabwe,Harare,Javascript Developer,194419Yemen,Sanaá,Python Developer,134683
Zimbabwe,Harare,Javascript Developer,194419Yemen,Sanaá,Python Developer,134683
Zimbabwe,Harare,Javascript Developer,194419Yemen,Sanaá,Python Developer,134683
Zimbabwe,Harare,Javascript Developer,194419Yemen,Sanaá,Python Developer,134683
Zimbabwe,Harare,Javascript Developer,194419Yemen,Sanaá,Python Developer,134683
Zimbabwe,Harare,Javascript Developer,194419Yemen,Sanaá,Python Developer,134683
Zimbabwe,Harare,Javascript Developer,194419Yemen,Sanaá,Python Developer,134683
Zimbabwe,Harare,Javascript Developer,194419Yemen,Sanaá,Python Developer,134683
Zimbabwe,Harare,Javascript Developer,194419Yemen,Sanaá,Python Developer,134683
Zimbabwe,Harare,Javascript Developer,194419
